"OBJECTID","ID_0","ISO","NAME_0","ID_1","NAME_1","ID_2","NAME_2","ID_3","NAME_3","CCN_3","CCA_3","TYPE_3","ENGTYPE_3","NL_NAME_3","VARNAME_3"
1,38,"BFA","Burkina Faso",1,"Boucle du Mouhoun",1,"Balé",1,"Bagassi",NA,"","Département","Department","",""
2,38,"BFA","Burkina Faso",1,"Boucle du Mouhoun",1,"Balé",2,"Bana",NA,"","Département","Department","",""
3,38,"BFA","Burkina Faso",1,"Boucle du Mouhoun",1,"Balé",3,"Boromo",NA,"","Département","Department","",""
4,38,"BFA","Burkina Faso",1,"Boucle du Mouhoun",1,"Balé",4,"Fara",NA,"","Département","Department","",""
5,38,"BFA","Burkina Faso",1,"Boucle du Mouhoun",1,"Balé",5,"Oury",NA,"","Département","Department","","Ouri"
6,38,"BFA","Burkina Faso",1,"Boucle du Mouhoun",1,"Balé",6,"Pa",NA,"","Département","Department","",""
7,38,"BFA","Burkina Faso",1,"Boucle du Mouhoun",1,"Balé",7,"Pompoï",NA,"","Département","Department","",""
8,38,"BFA","Burkina Faso",1,"Boucle du Mouhoun",1,"Balé",8,"Poura",NA,"","Département","Department","",""
9,38,"BFA","Burkina Faso",1,"Boucle du Mouhoun",1,"Balé",9,"Siby",NA,"","Département","Department","",""
10,38,"BFA","Burkina Faso",1,"Boucle du Mouhoun",1,"Balé",10,"Yaho",NA,"","Département","Department","",""
11,38,"BFA","Burkina Faso",1,"Boucle du Mouhoun",2,"Banwa",11,"Balavé",NA,"","Département","Department","","Sanaba Solenzo"
12,38,"BFA","Burkina Faso",1,"Boucle du Mouhoun",2,"Banwa",12,"Kouka",NA,"","Département","Department","",""
13,38,"BFA","Burkina Faso",1,"Boucle du Mouhoun",2,"Banwa",13,"Sami",NA,"","Département","Department","",""
14,38,"BFA","Burkina Faso",1,"Boucle du Mouhoun",2,"Banwa",14,"Sanaba",NA,"","Département","Department","",""
15,38,"BFA","Burkina Faso",1,"Boucle du Mouhoun",2,"Banwa",15,"Solenzo",NA,"","Département","Department","",""
16,38,"BFA","Burkina Faso",1,"Boucle du Mouhoun",2,"Banwa",16,"Tansila",NA,"","Département","Department","",""
17,38,"BFA","Burkina Faso",1,"Boucle du Mouhoun",3,"Kossi",17,"Barani",NA,"","Département","Department","",""
18,38,"BFA","Burkina Faso",1,"Boucle du Mouhoun",3,"Kossi",18,"Bomborokuy",NA,"","Département","Department","","Bomborokui"
19,38,"BFA","Burkina Faso",1,"Boucle du Mouhoun",3,"Kossi",19,"Bourasso",NA,"","Département","Department","",""
20,38,"BFA","Burkina Faso",1,"Boucle du Mouhoun",3,"Kossi",20,"Djibasso",NA,"","Département","Department","",""
21,38,"BFA","Burkina Faso",1,"Boucle du Mouhoun",3,"Kossi",21,"Dokuy",NA,"","Département","Department","","Dokui"
22,38,"BFA","Burkina Faso",1,"Boucle du Mouhoun",3,"Kossi",22,"Doumbala",NA,"","Département","Department","","Doumbala"
23,38,"BFA","Burkina Faso",1,"Boucle du Mouhoun",3,"Kossi",23,"Kombori",NA,"","Département","Department","",""
24,38,"BFA","Burkina Faso",1,"Boucle du Mouhoun",3,"Kossi",24,"Madouba",NA,"","Département","Department","",""
25,38,"BFA","Burkina Faso",1,"Boucle du Mouhoun",3,"Kossi",25,"Nouna",NA,"","Département","Department","",""
26,38,"BFA","Burkina Faso",1,"Boucle du Mouhoun",3,"Kossi",26,"Sono",NA,"","Département","Department","",""
27,38,"BFA","Burkina Faso",1,"Boucle du Mouhoun",4,"Mouhoun",27,"Bondokuy",NA,"","Département","Department","","Bondokui|Bondoukui"
28,38,"BFA","Burkina Faso",1,"Boucle du Mouhoun",4,"Mouhoun",28,"Dedougou",NA,"","Département","Department","",""
29,38,"BFA","Burkina Faso",1,"Boucle du Mouhoun",4,"Mouhoun",29,"Douroula",NA,"","Département","Department","",""
30,38,"BFA","Burkina Faso",1,"Boucle du Mouhoun",4,"Mouhoun",30,"Kona",NA,"","Département","Department","",""
31,38,"BFA","Burkina Faso",1,"Boucle du Mouhoun",4,"Mouhoun",31,"Ouarkoye",NA,"","Département","Department","",""
32,38,"BFA","Burkina Faso",1,"Boucle du Mouhoun",4,"Mouhoun",32,"Safane",NA,"","Département","Department","",""
33,38,"BFA","Burkina Faso",1,"Boucle du Mouhoun",4,"Mouhoun",33,"Tchériba",NA,"","Département","Department","","Tcheriba"
34,38,"BFA","Burkina Faso",1,"Boucle du Mouhoun",5,"Nayala",34,"Gassan",NA,"","Département","Department","","Gassan"
35,38,"BFA","Burkina Faso",1,"Boucle du Mouhoun",5,"Nayala",35,"Gossina",NA,"","Département","Department","",""
36,38,"BFA","Burkina Faso",1,"Boucle du Mouhoun",5,"Nayala",36,"Kougny",NA,"","Département","Department","",""
37,38,"BFA","Burkina Faso",1,"Boucle du Mouhoun",5,"Nayala",37,"Toma",NA,"","Département","Department","",""
38,38,"BFA","Burkina Faso",1,"Boucle du Mouhoun",5,"Nayala",38,"Yaba",NA,"","Département","Department","",""
39,38,"BFA","Burkina Faso",1,"Boucle du Mouhoun",5,"Nayala",39,"Ye",NA,"","Département","Department","",""
40,38,"BFA","Burkina Faso",1,"Boucle du Mouhoun",6,"Sourou",40,"Di",NA,"","Département","Department","",""
41,38,"BFA","Burkina Faso",1,"Boucle du Mouhoun",6,"Sourou",41,"Gomboro",NA,"","Département","Department","",""
42,38,"BFA","Burkina Faso",1,"Boucle du Mouhoun",6,"Sourou",42,"Kassoum",NA,"","Département","Department","",""
43,38,"BFA","Burkina Faso",1,"Boucle du Mouhoun",6,"Sourou",43,"Kiembara",NA,"","Département","Department","",""
44,38,"BFA","Burkina Faso",1,"Boucle du Mouhoun",6,"Sourou",44,"Lanfièra",NA,"","Département","Department","","Lanfiera"
45,38,"BFA","Burkina Faso",1,"Boucle du Mouhoun",6,"Sourou",45,"Lankouè",NA,"","Département","Department","","Lankoue"
46,38,"BFA","Burkina Faso",1,"Boucle du Mouhoun",6,"Sourou",46,"Toeni",NA,"","Département","Department","",""
47,38,"BFA","Burkina Faso",1,"Boucle du Mouhoun",6,"Sourou",47,"Tougan",NA,"","Département","Department","",""
48,38,"BFA","Burkina Faso",2,"Cascades",7,"Comoé",48,"Banfora",NA,"","Département","Department","",""
49,38,"BFA","Burkina Faso",2,"Cascades",7,"Comoé",49,"Beregadougou",NA,"","Département","Department","",""
50,38,"BFA","Burkina Faso",2,"Cascades",7,"Comoé",50,"Mangodara",NA,"","Département","Department","",""
51,38,"BFA","Burkina Faso",2,"Cascades",7,"Comoé",51,"Moussodougou",NA,"","Département","Department","",""
52,38,"BFA","Burkina Faso",2,"Cascades",7,"Comoé",52,"Niangoloko",NA,"","Département","Department","","Niangologo"
53,38,"BFA","Burkina Faso",2,"Cascades",7,"Comoé",53,"Ouo",NA,"","Département","Department","",""
54,38,"BFA","Burkina Faso",2,"Cascades",7,"Comoé",54,"Sidéradougou",NA,"","Département","Department","","Sideradougou"
55,38,"BFA","Burkina Faso",2,"Cascades",7,"Comoé",55,"Soubakaniédougou",NA,"","Département","Department","",""
56,38,"BFA","Burkina Faso",2,"Cascades",7,"Comoé",56,"Tiéfora",NA,"","Département","Department","","Tiefora"
57,38,"BFA","Burkina Faso",2,"Cascades",8,"Léraba",57,"Dakoro",NA,"","Département","Department","",""
58,38,"BFA","Burkina Faso",2,"Cascades",8,"Léraba",58,"Douna",NA,"","Département","Department","",""
59,38,"BFA","Burkina Faso",2,"Cascades",8,"Léraba",59,"Kankalaba",NA,"","Département","Department","",""
60,38,"BFA","Burkina Faso",2,"Cascades",8,"Léraba",60,"Loumana",NA,"","Département","Department","",""
61,38,"BFA","Burkina Faso",2,"Cascades",8,"Léraba",61,"Niankorodougou",NA,"","Département","Department","",""
62,38,"BFA","Burkina Faso",2,"Cascades",8,"Léraba",62,"Oueleni",NA,"","Département","Department","","Oueleni"
63,38,"BFA","Burkina Faso",2,"Cascades",8,"Léraba",63,"Sindou",NA,"","Département","Department","",""
64,38,"BFA","Burkina Faso",2,"Cascades",8,"Léraba",64,"Wolonkoto",NA,"","Département","Department","","Wolokonto"
65,38,"BFA","Burkina Faso",3,"Centre-Est",9,"Boulgou",65,"Bagre",NA,"","Département","Department","",""
66,38,"BFA","Burkina Faso",3,"Centre-Est",9,"Boulgou",66,"Bane",NA,"","Département","Department","",""
67,38,"BFA","Burkina Faso",3,"Centre-Est",9,"Boulgou",67,"Beguedo",NA,"","Département","Department","",""
68,38,"BFA","Burkina Faso",3,"Centre-Est",9,"Boulgou",68,"Bissiga",NA,"","Département","Department","",""
69,38,"BFA","Burkina Faso",3,"Centre-Est",9,"Boulgou",69,"Bittou",NA,"","Département","Department","",""
70,38,"BFA","Burkina Faso",3,"Centre-Est",9,"Boulgou",70,"Boussouma",NA,"","Département","Department","",""
71,38,"BFA","Burkina Faso",3,"Centre-Est",9,"Boulgou",71,"Garango",NA,"","Département","Department","",""
72,38,"BFA","Burkina Faso",3,"Centre-Est",9,"Boulgou",72,"Komtoega",NA,"","Département","Department","",""
73,38,"BFA","Burkina Faso",3,"Centre-Est",9,"Boulgou",73,"Niaogho",NA,"","Département","Department","","Niagho|Niago"
74,38,"BFA","Burkina Faso",3,"Centre-Est",9,"Boulgou",74,"Tenkodogo",NA,"","Département","Department","",""
75,38,"BFA","Burkina Faso",3,"Centre-Est",9,"Boulgou",75,"Zabré",NA,"","Département","Department","",""
76,38,"BFA","Burkina Faso",3,"Centre-Est",9,"Boulgou",76,"Zoaga",NA,"","Département","Department","",""
77,38,"BFA","Burkina Faso",3,"Centre-Est",9,"Boulgou",77,"Zonsé",NA,"","Département","Department","",""
78,38,"BFA","Burkina Faso",3,"Centre-Est",10,"Koulpélogo",78,"Comin-Yanga",NA,"","Département","Department","","Komin Yanga"
79,38,"BFA","Burkina Faso",3,"Centre-Est",10,"Koulpélogo",79,"Dourtenga",NA,"","Département","Department","",""
80,38,"BFA","Burkina Faso",3,"Centre-Est",10,"Koulpélogo",80,"Lalgaye",NA,"","Département","Department","",""
81,38,"BFA","Burkina Faso",3,"Centre-Est",10,"Koulpélogo",81,"Ouargaye",NA,"","Département","Department","",""
82,38,"BFA","Burkina Faso",3,"Centre-Est",10,"Koulpélogo",82,"Sangha",NA,"","Département","Department","",""
83,38,"BFA","Burkina Faso",3,"Centre-Est",10,"Koulpélogo",83,"Soudougui",NA,"","Département","Department","",""
84,38,"BFA","Burkina Faso",3,"Centre-Est",10,"Koulpélogo",84,"Yargatenga",NA,"","Département","Department","",""
85,38,"BFA","Burkina Faso",3,"Centre-Est",10,"Koulpélogo",85,"Yondé",NA,"","Département","Department","",""
86,38,"BFA","Burkina Faso",3,"Centre-Est",11,"Kouritenga",86,"Andemtenga",NA,"","Département","Department","",""
87,38,"BFA","Burkina Faso",3,"Centre-Est",11,"Kouritenga",87,"Baskouré",NA,"","Département","Department","",""
88,38,"BFA","Burkina Faso",3,"Centre-Est",11,"Kouritenga",88,"Dialgaye",NA,"","Département","Department","",""
89,38,"BFA","Burkina Faso",3,"Centre-Est",11,"Kouritenga",89,"Gounghin",NA,"","Département","Department","","Gaughin|Goughin"
90,38,"BFA","Burkina Faso",3,"Centre-Est",11,"Kouritenga",90,"Kando",NA,"","Département","Department","",""
91,38,"BFA","Burkina Faso",3,"Centre-Est",11,"Kouritenga",91,"Koupéla",NA,"","Département","Department","",""
92,38,"BFA","Burkina Faso",3,"Centre-Est",11,"Kouritenga",92,"Pouytenga",NA,"","Département","Department","",""
93,38,"BFA","Burkina Faso",3,"Centre-Est",11,"Kouritenga",93,"Tensobentenga",NA,"","Département","Department","","Tensobtenga|Tensobentenga"
94,38,"BFA","Burkina Faso",3,"Centre-Est",11,"Kouritenga",94,"Yargo",NA,"","Département","Department","",""
95,38,"BFA","Burkina Faso",4,"Centre-Nord",12,"Bam",95,"Bourzanga",NA,"","Département","Department","",""
96,38,"BFA","Burkina Faso",4,"Centre-Nord",12,"Bam",96,"Guibare",NA,"","Département","Department","",""
97,38,"BFA","Burkina Faso",4,"Centre-Nord",12,"Bam",97,"Kongoussi",NA,"","Département","Department","",""
98,38,"BFA","Burkina Faso",4,"Centre-Nord",12,"Bam",98,"Nassere",NA,"","Département","Department","",""
99,38,"BFA","Burkina Faso",4,"Centre-Nord",12,"Bam",99,"Rollo",NA,"","Département","Department","",""
100,38,"BFA","Burkina Faso",4,"Centre-Nord",12,"Bam",100,"Rouko",NA,"","Département","Department","",""
101,38,"BFA","Burkina Faso",4,"Centre-Nord",12,"Bam",101,"Sabce",NA,"","Département","Department","",""
102,38,"BFA","Burkina Faso",4,"Centre-Nord",12,"Bam",102,"Tikare",NA,"","Département","Department","",""
103,38,"BFA","Burkina Faso",4,"Centre-Nord",12,"Bam",103,"Zimtenga",NA,"","Département","Department","",""
104,38,"BFA","Burkina Faso",4,"Centre-Nord",13,"Namentenga",104,"Boala",NA,"","Département","Department","",""
105,38,"BFA","Burkina Faso",4,"Centre-Nord",13,"Namentenga",105,"Boulsa",NA,"","Département","Department","",""
106,38,"BFA","Burkina Faso",4,"Centre-Nord",13,"Namentenga",106,"Bouroum",NA,"","Département","Department","",""
107,38,"BFA","Burkina Faso",4,"Centre-Nord",13,"Namentenga",107,"Dargo",NA,"","Département","Department","",""
108,38,"BFA","Burkina Faso",4,"Centre-Nord",13,"Namentenga",108,"Nagbingou",NA,"","Département","Department","",""
109,38,"BFA","Burkina Faso",4,"Centre-Nord",13,"Namentenga",109,"Tougouri",NA,"","Département","Department","",""
110,38,"BFA","Burkina Faso",4,"Centre-Nord",13,"Namentenga",110,"Yalgo",NA,"","Département","Department","","Yalogo"
111,38,"BFA","Burkina Faso",4,"Centre-Nord",13,"Namentenga",111,"Zeguedeguin",NA,"","Département","Department","","Zeguedeguen"
112,38,"BFA","Burkina Faso",4,"Centre-Nord",14,"Sanmatenga",112,"Barsalogho",NA,"","Département","Department","","Barsalogo"
113,38,"BFA","Burkina Faso",4,"Centre-Nord",14,"Sanmatenga",113,"Boussouma",NA,"","Département","Department","",""
114,38,"BFA","Burkina Faso",4,"Centre-Nord",14,"Sanmatenga",114,"Dablo",NA,"","Département","Department","",""
115,38,"BFA","Burkina Faso",4,"Centre-Nord",14,"Sanmatenga",115,"Kaya",NA,"","Département","Department","",""
116,38,"BFA","Burkina Faso",4,"Centre-Nord",14,"Sanmatenga",116,"Korsimoro",NA,"","Département","Department","",""
117,38,"BFA","Burkina Faso",4,"Centre-Nord",14,"Sanmatenga",117,"Mane",NA,"","Département","Department","",""
118,38,"BFA","Burkina Faso",4,"Centre-Nord",14,"Sanmatenga",118,"Namissiguima",NA,"","Département","Department","",""
119,38,"BFA","Burkina Faso",4,"Centre-Nord",14,"Sanmatenga",119,"Pensa",NA,"","Département","Department","",""
120,38,"BFA","Burkina Faso",4,"Centre-Nord",14,"Sanmatenga",120,"Pibaore",NA,"","Département","Department","",""
121,38,"BFA","Burkina Faso",4,"Centre-Nord",14,"Sanmatenga",121,"Pissila",NA,"","Département","Department","",""
122,38,"BFA","Burkina Faso",4,"Centre-Nord",14,"Sanmatenga",122,"Ziga",NA,"","Département","Department","",""
123,38,"BFA","Burkina Faso",5,"Centre-Ouest",15,"Boulkiemdé",123,"Bingo",NA,"","Département","Department","",""
124,38,"BFA","Burkina Faso",5,"Centre-Ouest",15,"Boulkiemdé",124,"Imasgho",NA,"","Département","Department","","Imasgho"
125,38,"BFA","Burkina Faso",5,"Centre-Ouest",15,"Boulkiemdé",125,"Kindi",NA,"","Département","Department","",""
126,38,"BFA","Burkina Faso",5,"Centre-Ouest",15,"Boulkiemdé",126,"Kokologho",NA,"","Département","Department","",""
127,38,"BFA","Burkina Faso",5,"Centre-Ouest",15,"Boulkiemdé",127,"Koudougou",NA,"","Département","Department","",""
128,38,"BFA","Burkina Faso",5,"Centre-Ouest",15,"Boulkiemdé",128,"Nandiala",NA,"","Département","Department","",""
129,38,"BFA","Burkina Faso",5,"Centre-Ouest",15,"Boulkiemdé",129,"Nanoro",NA,"","Département","Department","",""
130,38,"BFA","Burkina Faso",5,"Centre-Ouest",15,"Boulkiemdé",130,"Pella",NA,"","Département","Department","",""
131,38,"BFA","Burkina Faso",5,"Centre-Ouest",15,"Boulkiemdé",131,"Poa",NA,"","Département","Department","",""
132,38,"BFA","Burkina Faso",5,"Centre-Ouest",15,"Boulkiemdé",132,"Ramongo",NA,"","Département","Department","",""
133,38,"BFA","Burkina Faso",5,"Centre-Ouest",15,"Boulkiemdé",133,"Sabou",NA,"","Département","Department","",""
134,38,"BFA","Burkina Faso",5,"Centre-Ouest",15,"Boulkiemdé",134,"Sigle",NA,"","Département","Department","",""
135,38,"BFA","Burkina Faso",5,"Centre-Ouest",15,"Boulkiemdé",135,"Soaw",NA,"","Département","Department","",""
136,38,"BFA","Burkina Faso",5,"Centre-Ouest",15,"Boulkiemdé",136,"Sourgou",NA,"","Département","Department","",""
137,38,"BFA","Burkina Faso",5,"Centre-Ouest",15,"Boulkiemdé",137,"Thyou",NA,"","Département","Department","","Thyou"
138,38,"BFA","Burkina Faso",5,"Centre-Ouest",16,"Sanguié",138,"Dassa",NA,"","Département","Department","",""
139,38,"BFA","Burkina Faso",5,"Centre-Ouest",16,"Sanguié",139,"Didyr",NA,"","Département","Department","","Didyr"
140,38,"BFA","Burkina Faso",5,"Centre-Ouest",16,"Sanguié",140,"Godyr",NA,"","Département","Department","","Godyr|Godin|Godyir"
141,38,"BFA","Burkina Faso",5,"Centre-Ouest",16,"Sanguié",141,"Kordie",NA,"","Département","Department","",""
142,38,"BFA","Burkina Faso",5,"Centre-Ouest",16,"Sanguié",142,"Kyon",NA,"","Département","Department","","Khyon|Kyon"
143,38,"BFA","Burkina Faso",5,"Centre-Ouest",16,"Sanguié",143,"Pouni",NA,"","Département","Department","",""
144,38,"BFA","Burkina Faso",5,"Centre-Ouest",16,"Sanguié",144,"Réo",NA,"","Département","Department","",""
145,38,"BFA","Burkina Faso",5,"Centre-Ouest",16,"Sanguié",145,"Tenado",NA,"","Département","Department","",""
146,38,"BFA","Burkina Faso",5,"Centre-Ouest",16,"Sanguié",146,"Zamo",NA,"","Département","Department","",""
147,38,"BFA","Burkina Faso",5,"Centre-Ouest",16,"Sanguié",147,"Zawara",NA,"","Département","Department","",""
148,38,"BFA","Burkina Faso",5,"Centre-Ouest",17,"Sissili",148,"Bieha",NA,"","Département","Department","",""
149,38,"BFA","Burkina Faso",5,"Centre-Ouest",17,"Sissili",149,"Boura",NA,"","Département","Department","",""
150,38,"BFA","Burkina Faso",5,"Centre-Ouest",17,"Sissili",150,"Leo",NA,"","Département","Department","",""
151,38,"BFA","Burkina Faso",5,"Centre-Ouest",17,"Sissili",151,"Nebielianayou",NA,"","Département","Department","",""
152,38,"BFA","Burkina Faso",5,"Centre-Ouest",17,"Sissili",152,"Niabouri",NA,"","Département","Department","","Niabouri"
153,38,"BFA","Burkina Faso",5,"Centre-Ouest",17,"Sissili",153,"Silly",NA,"","Département","Department","",""
154,38,"BFA","Burkina Faso",5,"Centre-Ouest",17,"Sissili",154,"Tô",NA,"","Département","Department","","To"
155,38,"BFA","Burkina Faso",5,"Centre-Ouest",18,"Ziro",155,"Bakata",NA,"","Département","Department","",""
156,38,"BFA","Burkina Faso",5,"Centre-Ouest",18,"Ziro",156,"Bougnounou",NA,"","Département","Department","",""
157,38,"BFA","Burkina Faso",5,"Centre-Ouest",18,"Ziro",157,"Cassou",NA,"","Département","Department","","Kassou"
158,38,"BFA","Burkina Faso",5,"Centre-Ouest",18,"Ziro",158,"Dalo",NA,"","Département","Department","",""
159,38,"BFA","Burkina Faso",5,"Centre-Ouest",18,"Ziro",159,"Gao",NA,"","Département","Department","",""
160,38,"BFA","Burkina Faso",5,"Centre-Ouest",18,"Ziro",160,"Sapouy",NA,"","Département","Department","",""
161,38,"BFA","Burkina Faso",6,"Centre-Sud",19,"Bazèga",161,"Doulougou",NA,"","Département","Department","",""
162,38,"BFA","Burkina Faso",6,"Centre-Sud",19,"Bazèga",162,"Gaongo",NA,"","Département","Department","",""
163,38,"BFA","Burkina Faso",6,"Centre-Sud",19,"Bazèga",163,"Ipelce",NA,"","Département","Department","",""
164,38,"BFA","Burkina Faso",6,"Centre-Sud",19,"Bazèga",164,"Kayao",NA,"","Département","Department","",""
165,38,"BFA","Burkina Faso",6,"Centre-Sud",19,"Bazèga",165,"Kombissiri",NA,"","Département","Department","",""
166,38,"BFA","Burkina Faso",6,"Centre-Sud",19,"Bazèga",166,"Sapone",NA,"","Département","Department","",""
167,38,"BFA","Burkina Faso",6,"Centre-Sud",19,"Bazèga",167,"Toece",NA,"","Département","Department","",""
168,38,"BFA","Burkina Faso",6,"Centre-Sud",20,"Nahouri",168,"Guiaro",NA,"","Département","Department","","Guiaro"
169,38,"BFA","Burkina Faso",6,"Centre-Sud",20,"Nahouri",169,"Pô",NA,"","Département","Department","","Po"
170,38,"BFA","Burkina Faso",6,"Centre-Sud",20,"Nahouri",170,"Tiébélé",NA,"","Département","Department","",""
171,38,"BFA","Burkina Faso",6,"Centre-Sud",20,"Nahouri",171,"Zecco",NA,"","Département","Department","",""
172,38,"BFA","Burkina Faso",6,"Centre-Sud",20,"Nahouri",172,"Ziou",NA,"","Département","Department","","Ziou"
173,38,"BFA","Burkina Faso",6,"Centre-Sud",21,"Zoundwéogo",173,"Bere",NA,"","Département","Department","",""
174,38,"BFA","Burkina Faso",6,"Centre-Sud",21,"Zoundwéogo",174,"Binde",NA,"","Département","Department","",""
175,38,"BFA","Burkina Faso",6,"Centre-Sud",21,"Zoundwéogo",175,"Gogo",NA,"","Département","Department","",""
176,38,"BFA","Burkina Faso",6,"Centre-Sud",21,"Zoundwéogo",176,"Gomboussougou",NA,"","Département","Department","","Gomboussougou"
177,38,"BFA","Burkina Faso",6,"Centre-Sud",21,"Zoundwéogo",177,"Guiba",NA,"","Département","Department","",""
178,38,"BFA","Burkina Faso",6,"Centre-Sud",21,"Zoundwéogo",178,"Manga",NA,"","Département","Department","",""
179,38,"BFA","Burkina Faso",6,"Centre-Sud",21,"Zoundwéogo",179,"Nobere",NA,"","Département","Department","",""
180,38,"BFA","Burkina Faso",7,"Centre",22,"Kadiogo",180,"Komki-Ipala",NA,"","Département","Department","","Komki Ipala"
181,38,"BFA","Burkina Faso",7,"Centre",22,"Kadiogo",181,"Komsilga",NA,"","Département","Department","",""
182,38,"BFA","Burkina Faso",7,"Centre",22,"Kadiogo",182,"Koubri",NA,"","Département","Department","",""
183,38,"BFA","Burkina Faso",7,"Centre",22,"Kadiogo",183,"Ouagadougou",NA,"","Département","Department","","Ouagadougou"
184,38,"BFA","Burkina Faso",7,"Centre",22,"Kadiogo",184,"Pabre",NA,"","Département","Department","",""
185,38,"BFA","Burkina Faso",7,"Centre",22,"Kadiogo",185,"Saaba",NA,"","Département","Department","",""
186,38,"BFA","Burkina Faso",7,"Centre",22,"Kadiogo",186,"Tanghin-Dassouri",NA,"","Département","Department","","Tanghin Dassouri"
187,38,"BFA","Burkina Faso",8,"Est",23,"Gnagna",187,"Bilanga",NA,"","Département","Department","",""
188,38,"BFA","Burkina Faso",8,"Est",23,"Gnagna",188,"Bogandé",NA,"","Département","Department","",""
189,38,"BFA","Burkina Faso",8,"Est",23,"Gnagna",189,"Koalla",NA,"","Département","Department","",""
190,38,"BFA","Burkina Faso",8,"Est",23,"Gnagna",190,"Liptougou",NA,"","Département","Department","",""
191,38,"BFA","Burkina Faso",8,"Est",23,"Gnagna",191,"Mani",NA,"","Département","Department","","Manni"
192,38,"BFA","Burkina Faso",8,"Est",23,"Gnagna",192,"Piéla",NA,"","Département","Department","",""
193,38,"BFA","Burkina Faso",8,"Est",23,"Gnagna",193,"Thion",NA,"","Département","Department","",""
194,38,"BFA","Burkina Faso",8,"Est",24,"Gourma",194,"Diabo",NA,"","Département","Department","",""
195,38,"BFA","Burkina Faso",8,"Est",24,"Gourma",195,"Diapangou",NA,"","Département","Department","",""
196,38,"BFA","Burkina Faso",8,"Est",24,"Gourma",196,"Fada N'gourma",NA,"","Département","Department","","Fada Ngourma"
197,38,"BFA","Burkina Faso",8,"Est",24,"Gourma",197,"Matiacoali",NA,"","Département","Department","","Matiakoali"
198,38,"BFA","Burkina Faso",8,"Est",24,"Gourma",198,"Tibga",NA,"","Département","Department","","Tibga"
199,38,"BFA","Burkina Faso",8,"Est",24,"Gourma",199,"Yamba",NA,"","Département","Department","",""
200,38,"BFA","Burkina Faso",8,"Est",25,"Komandjoari",200,"Bartiébougou",NA,"","Département","Department","",""
201,38,"BFA","Burkina Faso",8,"Est",25,"Komandjoari",201,"Foutouri",NA,"","Département","Department","",""
202,38,"BFA","Burkina Faso",8,"Est",25,"Komandjoari",202,"Gayéri",NA,"","Département","Department","",""
203,38,"BFA","Burkina Faso",8,"Est",26,"Kompienga",203,"Kompienga",NA,"","Département","Department","",""
204,38,"BFA","Burkina Faso",8,"Est",26,"Kompienga",204,"Madjoari",NA,"","Département","Department","",""
205,38,"BFA","Burkina Faso",8,"Est",26,"Kompienga",205,"Pama",NA,"","Département","Department","",""
206,38,"BFA","Burkina Faso",8,"Est",27,"Tapoa",206,"Botou",NA,"","Département","Department","","Botou"
207,38,"BFA","Burkina Faso",8,"Est",27,"Tapoa",207,"Diapaga",NA,"","Département","Department","",""
208,38,"BFA","Burkina Faso",8,"Est",27,"Tapoa",208,"Kantchari",NA,"","Département","Department","",""
209,38,"BFA","Burkina Faso",8,"Est",27,"Tapoa",209,"Logobou",NA,"","Département","Department","",""
210,38,"BFA","Burkina Faso",8,"Est",27,"Tapoa",210,"Namounou",NA,"","Département","Department","",""
211,38,"BFA","Burkina Faso",8,"Est",27,"Tapoa",211,"Partiaga",NA,"","Département","Department","",""
212,38,"BFA","Burkina Faso",8,"Est",27,"Tapoa",212,"Tambaga",NA,"","Département","Department","","Tambarga"
213,38,"BFA","Burkina Faso",8,"Est",27,"Tapoa",213,"Tansarga",NA,"","Département","Department","",""
214,38,"BFA","Burkina Faso",9,"Haut-Bassins",28,"Houet",214,"Bama",NA,"","Département","Department","",""
215,38,"BFA","Burkina Faso",9,"Haut-Bassins",28,"Houet",215,"Bobo-Dioulasso",NA,"","Département","Department","","Bobo-dioulasso"
216,38,"BFA","Burkina Faso",9,"Haut-Bassins",28,"Houet",216,"Dandé",NA,"","Département","Department","",""
217,38,"BFA","Burkina Faso",9,"Haut-Bassins",28,"Houet",217,"Faramana",NA,"","Département","Department","",""
218,38,"BFA","Burkina Faso",9,"Haut-Bassins",28,"Houet",218,"Fo",NA,"","Département","Department","",""
219,38,"BFA","Burkina Faso",9,"Haut-Bassins",28,"Houet",219,"Karankasso-Sambla",NA,"","Département","Department","",""
220,38,"BFA","Burkina Faso",9,"Haut-Bassins",28,"Houet",220,"Karankasso-Vigué",NA,"","Département","Department","","Karankasso-Vigue"
221,38,"BFA","Burkina Faso",9,"Haut-Bassins",28,"Houet",221,"Koundougou",NA,"","Département","Department","",""
222,38,"BFA","Burkina Faso",9,"Haut-Bassins",28,"Houet",222,"Lena",NA,"","Département","Department","",""
223,38,"BFA","Burkina Faso",9,"Haut-Bassins",28,"Houet",223,"Padéma",NA,"","Département","Department","","Padema"
224,38,"BFA","Burkina Faso",9,"Haut-Bassins",28,"Houet",224,"Peni",NA,"","Département","Department","",""
225,38,"BFA","Burkina Faso",9,"Haut-Bassins",28,"Houet",225,"Satiri",NA,"","Département","Department","",""
226,38,"BFA","Burkina Faso",9,"Haut-Bassins",28,"Houet",226,"Toussiana",NA,"","Département","Department","",""
227,38,"BFA","Burkina Faso",9,"Haut-Bassins",29,"Kénédougou",227,"Banzon",NA,"","Département","Department","",""
228,38,"BFA","Burkina Faso",9,"Haut-Bassins",29,"Kénédougou",228,"Djigouera",NA,"","Département","Department","",""
229,38,"BFA","Burkina Faso",9,"Haut-Bassins",29,"Kénédougou",229,"Kangala",NA,"","Département","Department","","Kangala"
230,38,"BFA","Burkina Faso",9,"Haut-Bassins",29,"Kénédougou",230,"Kayan",NA,"","Département","Department","",""
231,38,"BFA","Burkina Faso",9,"Haut-Bassins",29,"Kénédougou",231,"Koloko",NA,"","Département","Department","",""
232,38,"BFA","Burkina Faso",9,"Haut-Bassins",29,"Kénédougou",232,"Kourinion",NA,"","Département","Department","","Kourignon"
233,38,"BFA","Burkina Faso",9,"Haut-Bassins",29,"Kénédougou",233,"Kourouma",NA,"","Département","Department","",""
234,38,"BFA","Burkina Faso",9,"Haut-Bassins",29,"Kénédougou",234,"Morolaba",NA,"","Département","Department","",""
235,38,"BFA","Burkina Faso",9,"Haut-Bassins",29,"Kénédougou",235,"N'dorola",NA,"","Département","Department","","Ndorola"
236,38,"BFA","Burkina Faso",9,"Haut-Bassins",29,"Kénédougou",236,"Orodara",NA,"","Département","Department","",""
237,38,"BFA","Burkina Faso",9,"Haut-Bassins",29,"Kénédougou",237,"Samogohiri",NA,"","Département","Department","","Samoghohiri|Samogoyiri"
238,38,"BFA","Burkina Faso",9,"Haut-Bassins",29,"Kénédougou",238,"Samorogouan",NA,"","Département","Department","",""
239,38,"BFA","Burkina Faso",9,"Haut-Bassins",29,"Kénédougou",239,"Sindo",NA,"","Département","Department","","Soundo"
240,38,"BFA","Burkina Faso",9,"Haut-Bassins",30,"Tuy",240,"Bekuy",NA,"","Département","Department","",""
241,38,"BFA","Burkina Faso",9,"Haut-Bassins",30,"Tuy",241,"Bereba",NA,"","Département","Department","",""
242,38,"BFA","Burkina Faso",9,"Haut-Bassins",30,"Tuy",242,"Boni",NA,"","Département","Department","",""
243,38,"BFA","Burkina Faso",9,"Haut-Bassins",30,"Tuy",243,"Founzan",NA,"","Département","Department","",""
244,38,"BFA","Burkina Faso",9,"Haut-Bassins",30,"Tuy",244,"Houndé",NA,"","Département","Department","",""
245,38,"BFA","Burkina Faso",9,"Haut-Bassins",30,"Tuy",245,"Koti",NA,"","Département","Department","",""
246,38,"BFA","Burkina Faso",9,"Haut-Bassins",30,"Tuy",246,"Koumbia",NA,"","Département","Department","",""
247,38,"BFA","Burkina Faso",10,"Nord",31,"Loroum",247,"Banh",NA,"","Département","Department","",""
248,38,"BFA","Burkina Faso",10,"Nord",31,"Loroum",248,"Ouindigui",NA,"","Département","Department","","Ouendigui"
249,38,"BFA","Burkina Faso",10,"Nord",31,"Loroum",249,"Solle",NA,"","Département","Department","","Sole"
250,38,"BFA","Burkina Faso",10,"Nord",31,"Loroum",250,"Titao",NA,"","Département","Department","",""
251,38,"BFA","Burkina Faso",10,"Nord",32,"Passoré",251,"Arbolle",NA,"","Département","Department","","Arbole"
252,38,"BFA","Burkina Faso",10,"Nord",32,"Passoré",252,"Bagare",NA,"","Département","Department","",""
253,38,"BFA","Burkina Faso",10,"Nord",32,"Passoré",253,"Bokin",NA,"","Département","Department","",""
254,38,"BFA","Burkina Faso",10,"Nord",32,"Passoré",254,"Gomponsom",NA,"","Département","Department","","Gomponsom|Gompossom"
255,38,"BFA","Burkina Faso",10,"Nord",32,"Passoré",255,"Kirsi",NA,"","Département","Department","",""
256,38,"BFA","Burkina Faso",10,"Nord",32,"Passoré",256,"Lâ-Todin",NA,"","Département","Department","","Latodin"
257,38,"BFA","Burkina Faso",10,"Nord",32,"Passoré",257,"Pilimpikou",NA,"","Département","Department","","Pilimpikou"
258,38,"BFA","Burkina Faso",10,"Nord",32,"Passoré",258,"Samba",NA,"","Département","Department","",""
259,38,"BFA","Burkina Faso",10,"Nord",32,"Passoré",259,"Yako",NA,"","Département","Department","",""
260,38,"BFA","Burkina Faso",10,"Nord",33,"Yatenga",260,"Barga",NA,"","Département","Department","",""
261,38,"BFA","Burkina Faso",10,"Nord",33,"Yatenga",261,"Kaïn",NA,"","Département","Department","","Kain"
262,38,"BFA","Burkina Faso",10,"Nord",33,"Yatenga",262,"Kalsaka",NA,"","Département","Department","",""
263,38,"BFA","Burkina Faso",10,"Nord",33,"Yatenga",263,"Kossouka",NA,"","Département","Department","",""
264,38,"BFA","Burkina Faso",10,"Nord",33,"Yatenga",264,"Koumbri",NA,"","Département","Department","",""
265,38,"BFA","Burkina Faso",10,"Nord",33,"Yatenga",265,"Namissiguima",NA,"","Département","Department","",""
266,38,"BFA","Burkina Faso",10,"Nord",33,"Yatenga",266,"Ouahigouya",NA,"","Département","Department","",""
267,38,"BFA","Burkina Faso",10,"Nord",33,"Yatenga",267,"Oula",NA,"","Département","Department","",""
268,38,"BFA","Burkina Faso",10,"Nord",33,"Yatenga",268,"Rambo",NA,"","Département","Department","",""
269,38,"BFA","Burkina Faso",10,"Nord",33,"Yatenga",269,"Seguenega",NA,"","Département","Department","","Seguenega"
270,38,"BFA","Burkina Faso",10,"Nord",33,"Yatenga",270,"Tangaye",NA,"","Département","Department","",""
271,38,"BFA","Burkina Faso",10,"Nord",33,"Yatenga",271,"Thiou",NA,"","Département","Department","","Thyou"
272,38,"BFA","Burkina Faso",10,"Nord",33,"Yatenga",272,"Zogore",NA,"","Département","Department","",""
273,38,"BFA","Burkina Faso",10,"Nord",34,"Zondoma",273,"Bassi",NA,"","Département","Department","",""
274,38,"BFA","Burkina Faso",10,"Nord",34,"Zondoma",274,"Boussou",NA,"","Département","Department","",""
275,38,"BFA","Burkina Faso",10,"Nord",34,"Zondoma",275,"Gourcy",NA,"","Département","Department","",""
276,38,"BFA","Burkina Faso",10,"Nord",34,"Zondoma",276,"Léba",NA,"","Département","Department","",""
277,38,"BFA","Burkina Faso",10,"Nord",34,"Zondoma",277,"Tougo",NA,"","Département","Department","",""
278,38,"BFA","Burkina Faso",11,"Plateau-Central",35,"Ganzourgou",278,"Boudry",NA,"","Département","Department","",""
279,38,"BFA","Burkina Faso",11,"Plateau-Central",35,"Ganzourgou",279,"Kogho",NA,"","Département","Department","",""
280,38,"BFA","Burkina Faso",11,"Plateau-Central",35,"Ganzourgou",280,"Méguet",NA,"","Département","Department","","Meguet"
281,38,"BFA","Burkina Faso",11,"Plateau-Central",35,"Ganzourgou",281,"Mogtédo",NA,"","Département","Department","",""
282,38,"BFA","Burkina Faso",11,"Plateau-Central",35,"Ganzourgou",282,"Salogo",NA,"","Département","Department","",""
283,38,"BFA","Burkina Faso",11,"Plateau-Central",35,"Ganzourgou",283,"Zam",NA,"","Département","Department","",""
284,38,"BFA","Burkina Faso",11,"Plateau-Central",35,"Ganzourgou",284,"Zorgho",NA,"","Département","Department","",""
285,38,"BFA","Burkina Faso",11,"Plateau-Central",35,"Ganzourgou",285,"Zoungou",NA,"","Département","Department","",""
286,38,"BFA","Burkina Faso",11,"Plateau-Central",36,"Kourwéogo",286,"Boussé",NA,"","Département","Department","",""
287,38,"BFA","Burkina Faso",11,"Plateau-Central",36,"Kourwéogo",287,"Laye",NA,"","Département","Department","",""
288,38,"BFA","Burkina Faso",11,"Plateau-Central",36,"Kourwéogo",288,"Niou",NA,"","Département","Department","",""
289,38,"BFA","Burkina Faso",11,"Plateau-Central",36,"Kourwéogo",289,"Sourgoubila",NA,"","Département","Department","",""
290,38,"BFA","Burkina Faso",11,"Plateau-Central",36,"Kourwéogo",290,"Toéghin",NA,"","Département","Department","","Toeghen"
291,38,"BFA","Burkina Faso",11,"Plateau-Central",37,"Oubritenga",291,"Absouya",NA,"","Département","Department","",""
292,38,"BFA","Burkina Faso",11,"Plateau-Central",37,"Oubritenga",292,"Dapélogo",NA,"","Département","Department","","Dapelgo"
293,38,"BFA","Burkina Faso",11,"Plateau-Central",37,"Oubritenga",293,"Loumbila",NA,"","Département","Department","",""
294,38,"BFA","Burkina Faso",11,"Plateau-Central",37,"Oubritenga",294,"Nagreongo",NA,"","Département","Department","",""
295,38,"BFA","Burkina Faso",11,"Plateau-Central",37,"Oubritenga",295,"Ourgou-Manega",NA,"","Département","Department","",""
296,38,"BFA","Burkina Faso",11,"Plateau-Central",37,"Oubritenga",296,"Ziniare",NA,"","Département","Department","",""
297,38,"BFA","Burkina Faso",11,"Plateau-Central",37,"Oubritenga",297,"Zitenga",NA,"","Département","Department","",""
298,38,"BFA","Burkina Faso",12,"Sahel",38,"Oudalan",298,"Deou",NA,"","Département","Department","",""
299,38,"BFA","Burkina Faso",12,"Sahel",38,"Oudalan",299,"Gorom-Gorom",NA,"","Département","Department","","Gorom Gorom"
300,38,"BFA","Burkina Faso",12,"Sahel",38,"Oudalan",300,"Markoye",NA,"","Département","Department","",""
301,38,"BFA","Burkina Faso",12,"Sahel",38,"Oudalan",301,"Oursi",NA,"","Département","Department","",""
302,38,"BFA","Burkina Faso",12,"Sahel",38,"Oudalan",302,"Tin-Akoff",NA,"","Département","Department","","Tin-Akof|Tin-Akoff|Tin Akoff"
303,38,"BFA","Burkina Faso",12,"Sahel",39,"Séno",303,"Bani",NA,"","Département","Department","",""
304,38,"BFA","Burkina Faso",12,"Sahel",39,"Séno",304,"Dori",NA,"","Département","Department","",""
305,38,"BFA","Burkina Faso",12,"Sahel",39,"Séno",305,"Falagountou",NA,"","Département","Department","","Falagountou"
306,38,"BFA","Burkina Faso",12,"Sahel",39,"Séno",306,"Gorgadji",NA,"","Département","Department","",""
307,38,"BFA","Burkina Faso",12,"Sahel",39,"Séno",307,"Sampelga",NA,"","Département","Department","",""
308,38,"BFA","Burkina Faso",12,"Sahel",39,"Séno",308,"Seytenga",NA,"","Département","Department","",""
309,38,"BFA","Burkina Faso",12,"Sahel",40,"Soum",309,"Aribinda",NA,"","Département","Department","","Aribinda"
310,38,"BFA","Burkina Faso",12,"Sahel",40,"Soum",310,"Baraboule",NA,"","Département","Department","",""
311,38,"BFA","Burkina Faso",12,"Sahel",40,"Soum",311,"Diguel",NA,"","Département","Department","","Diguel"
312,38,"BFA","Burkina Faso",12,"Sahel",40,"Soum",312,"Djibo",NA,"","Département","Department","",""
313,38,"BFA","Burkina Faso",12,"Sahel",40,"Soum",313,"Kelbo",NA,"","Département","Department","",""
314,38,"BFA","Burkina Faso",12,"Sahel",40,"Soum",314,"Koutougou",NA,"","Département","Department","",""
315,38,"BFA","Burkina Faso",12,"Sahel",40,"Soum",315,"Nassoumbou",NA,"","Département","Department","","Nassamfou"
316,38,"BFA","Burkina Faso",12,"Sahel",40,"Soum",316,"Pobe-Mengao",NA,"","Département","Department","","Pobe Mengao"
317,38,"BFA","Burkina Faso",12,"Sahel",40,"Soum",317,"Tongomayel",NA,"","Département","Department","",""
318,38,"BFA","Burkina Faso",12,"Sahel",41,"Yagha",318,"Boundore",NA,"","Département","Department","",""
319,38,"BFA","Burkina Faso",12,"Sahel",41,"Yagha",319,"Mansila",NA,"","Département","Department","",""
320,38,"BFA","Burkina Faso",12,"Sahel",41,"Yagha",320,"Sebba",NA,"","Département","Department","",""
321,38,"BFA","Burkina Faso",12,"Sahel",41,"Yagha",321,"Solhan",NA,"","Département","Department","",""
322,38,"BFA","Burkina Faso",12,"Sahel",41,"Yagha",322,"Tankougounadie",NA,"","Département","Department","",""
323,38,"BFA","Burkina Faso",12,"Sahel",41,"Yagha",323,"Titabe",NA,"","Département","Department","",""
324,38,"BFA","Burkina Faso",13,"Sud-Ouest",42,"Bougouriba",324,"Bondigui",NA,"","Département","Department","",""
325,38,"BFA","Burkina Faso",13,"Sud-Ouest",42,"Bougouriba",325,"Diebougou",NA,"","Département","Department","",""
326,38,"BFA","Burkina Faso",13,"Sud-Ouest",42,"Bougouriba",326,"Dolo",NA,"","Département","Department","",""
327,38,"BFA","Burkina Faso",13,"Sud-Ouest",42,"Bougouriba",327,"Gueguere",NA,"","Département","Department","",""
328,38,"BFA","Burkina Faso",13,"Sud-Ouest",42,"Bougouriba",328,"Iolonioro",NA,"","Département","Department","",""
329,38,"BFA","Burkina Faso",13,"Sud-Ouest",42,"Bougouriba",329,"Tiankoura",NA,"","Département","Department","",""
330,38,"BFA","Burkina Faso",13,"Sud-Ouest",43,"Ioba",330,"Dano",NA,"","Département","Department","",""
331,38,"BFA","Burkina Faso",13,"Sud-Ouest",43,"Ioba",331,"Dissin",NA,"","Département","Department","",""
332,38,"BFA","Burkina Faso",13,"Sud-Ouest",43,"Ioba",332,"Koper",NA,"","Département","Department","",""
333,38,"BFA","Burkina Faso",13,"Sud-Ouest",43,"Ioba",333,"Niego",NA,"","Département","Department","",""
334,38,"BFA","Burkina Faso",13,"Sud-Ouest",43,"Ioba",334,"Oronkua",NA,"","Département","Department","",""
335,38,"BFA","Burkina Faso",13,"Sud-Ouest",43,"Ioba",335,"Ouessa",NA,"","Département","Department","",""
336,38,"BFA","Burkina Faso",13,"Sud-Ouest",43,"Ioba",336,"Zambo",NA,"","Département","Department","",""
337,38,"BFA","Burkina Faso",13,"Sud-Ouest",44,"Noumbiel",337,"Batié",NA,"","Département","Department","","Batie"
338,38,"BFA","Burkina Faso",13,"Sud-Ouest",44,"Noumbiel",338,"Boussoukoula",NA,"","Département","Department","",""
339,38,"BFA","Burkina Faso",13,"Sud-Ouest",44,"Noumbiel",339,"Kpuéré",NA,"","Département","Department","","Kpuere"
340,38,"BFA","Burkina Faso",13,"Sud-Ouest",44,"Noumbiel",340,"Legmoin",NA,"","Département","Department","",""
341,38,"BFA","Burkina Faso",13,"Sud-Ouest",44,"Noumbiel",341,"Midebdo",NA,"","Département","Department","",""
342,38,"BFA","Burkina Faso",13,"Sud-Ouest",45,"Poni",342,"Bouroum-Bouroum",NA,"","Département","Department","","Bouroum Bouroum"
343,38,"BFA","Burkina Faso",13,"Sud-Ouest",45,"Poni",343,"Boussera",NA,"","Département","Department","",""
344,38,"BFA","Burkina Faso",13,"Sud-Ouest",45,"Poni",344,"Djigouè",NA,"","Département","Department","","Djigoue"
345,38,"BFA","Burkina Faso",13,"Sud-Ouest",45,"Poni",345,"Gaoua",NA,"","Département","Department","",""
346,38,"BFA","Burkina Faso",13,"Sud-Ouest",45,"Poni",346,"Gbomblora",NA,"","Département","Department","",""
347,38,"BFA","Burkina Faso",13,"Sud-Ouest",45,"Poni",347,"Kampti",NA,"","Département","Department","",""
348,38,"BFA","Burkina Faso",13,"Sud-Ouest",45,"Poni",348,"Loropeni",NA,"","Département","Department","",""
349,38,"BFA","Burkina Faso",13,"Sud-Ouest",45,"Poni",349,"Malba",NA,"","Département","Department","",""
350,38,"BFA","Burkina Faso",13,"Sud-Ouest",45,"Poni",350,"Nako",NA,"","Département","Department","",""
351,38,"BFA","Burkina Faso",13,"Sud-Ouest",45,"Poni",351,"Perigban",NA,"","Département","Department","",""
